[
    {
        "question": "What planet is known as the Red Planet?",
        "option1": "Earth",
        "option2": "Mars",
        "option3": "Jupiter",
        "option4": "Saturn",
        "answer": "Mars",
        "topic": "Science"
    },
    {
        "question": "What is the chemical symbol for water?",
        "option1": "H2O",
        "option2": "O2",
        "option3": "CO2",
        "option4": "NaCl",
        "answer": "H2O",
        "topic": "Science"
    },
    {
        "question": "What gas do plants absorb from the atmosphere?",
        "option1": "Oxygen",
        "option2": "Nitrogen",
        "option3": "Carbon Dioxide",
        "option4": "Hydrogen",
        "answer": "Carbon Dioxide",
        "topic": "Science"
    },
    {
        "question": "What is the center of an atom called?",
        "option1": "Electron",
        "option2": "Proton",
        "option3": "Neutron",
        "option4": "Nucleus",
        "answer": "Nucleus",
        "topic": "Science"
    },
    {
        "question": "What force keeps us on the ground?",
        "option1": "Magnetism",
        "option2": "Gravity",
        "option3": "Friction",
        "option4": "Inertia",
        "answer": "Gravity",
        "topic": "Science"
    },
    {
        "question": "What is the boiling point of water?",
        "option1": "50°C",
        "option2": "75°C",
        "option3": "100°C",
        "option4": "125°C",
        "answer": "100°C",
        "topic": "Science"
    },
    {
        "question": "What is the largest planet in our solar system?",
        "option1": "Earth",
        "option2": "Mars",
        "option3": "Jupiter",
        "option4": "Saturn",
        "answer": "Jupiter",
        "topic": "Science"
    },
    {
        "question": "What is the process by which plants make their food?",
        "option1": "Respiration",
        "option2": "Photosynthesis",
        "option3": "Digestion",
        "option4": "Fermentation",
        "answer": "Photosynthesis",
        "topic": "Science"
    },
    {
        "question": "What is the hardest natural substance on Earth?",
        "option1": "Gold",
        "option2": "Iron",
        "option3": "Diamond",
        "option4": "Silver",
        "answer": "Diamond",
        "topic": "Science"
    },
    {
        "question": "What is the main gas found in the air we breathe?",
        "option1": "Oxygen",
        "option2": "Carbon Dioxide",
        "option3": "Nitrogen",
        "option4": "Hydrogen",
        "answer": "Nitrogen",
        "topic": "Science"
    },
    {
        "question": "What is the human body's largest organ?",
        "option1": "Heart",
        "option2": "Liver",
        "option3": "Skin",
        "option4": "Lung",
        "answer": "Skin",
        "topic": "Science"
    },
    {
        "question": "What is the chemical symbol for gold?",
        "option1": "Au",
        "option2": "Ag",
        "option3": "Fe",
        "option4": "Pb",
        "answer": "Au",
        "topic": "Science"
    },
    {
        "question": "What part of the cell contains genetic material?",
        "option1": "Cytoplasm",
        "option2": "Nucleus",
        "option3": "Cell membrane",
        "option4": "Mitochondria",
        "answer": "Nucleus",
        "topic": "Science"
    },
    {
        "question": "What is the most abundant gas in Earth's atmosphere?",
        "option1": "Oxygen",
        "option2": "Carbon Dioxide",
        "option3": "Nitrogen",
        "option4": "Hydrogen",
        "answer": "Nitrogen",
        "topic": "Science"
    },
    {
        "question": "What is the smallest unit of life?",
        "option1": "Atom",
        "option2": "Molecule",
        "option3": "Cell",
        "option4": "Organ",
        "answer": "Cell",
        "topic": "Science"
    },
    {
        "question": "What is the speed of light?",
        "option1": "300,000 km/s",
        "option2": "150,000 km/s",
        "option3": "450,000 km/s",
        "option4": "600,000 km/s",
        "answer": "300,000 km/s",
        "topic": "Science"
    },
    {
        "question": "What is the chemical symbol for sodium?",
        "option1": "Na",
        "option2": "S",
        "option3": "N",
        "option4": "So",
        "answer": "Na",
        "topic": "Science"
    },
    {
        "question": "What is the powerhouse of the cell?",
        "option1": "Nucleus",
        "option2": "Ribosome",
        "option3": "Mitochondria",
        "option4": "Chloroplast",
        "answer": "Mitochondria",
        "topic": "Science"
    },
    {
        "question": "What is the chemical formula for table salt?",
        "option1": "NaCl",
        "option2": "KCl",
        "option3": "CaCl2",
        "option4": "MgCl2",
        "answer": "NaCl",
        "topic": "Science"
    },
    {
        "question": "What is the main component of the sun?",
        "option1": "Oxygen",
        "option2": "Hydrogen",
        "option3": "Helium",
        "option4": "Carbon",
        "answer": "Hydrogen",
        "topic": "Science"
    },

        {
            "question": "What sport is known as the 'king of sports'?",
            "option1": "Basketball",
            "option2": "Soccer",
            "option3": "Tennis",
            "option4": "Cricket",
            "answer": "Soccer",
            "topic": "Sports"
        },
        {
            "question": "How many players are there in a soccer team?",
            "option1": "9",
            "option2": "10",
            "option3": "11",
            "option4": "12",
            "answer": "11",
            "topic": "Sports"
        },
        {
            "question": "What sport uses a racket and a shuttlecock?",
            "option1": "Tennis",
            "option2": "Badminton",
            "option3": "Squash",
            "option4": "Table Tennis",
            "answer": "Badminton",
            "topic": "Sports"
        },
        {
            "question": "In which sport would you perform a slam dunk?",
            "option1": "Basketball",
            "option2": "Volleyball",
            "option3": "Tennis",
            "option4": "Soccer",
            "answer": "Basketball",
            "topic": "Sports"
        },
        {
            "question": "What is the national sport of Japan?",
            "option1": "Baseball",
            "option2": "Sumo Wrestling",
            "option3": "Karate",
            "option4": "Judo",
            "answer": "Sumo Wrestling",
            "topic": "Sports"
        },
        {
            "question": "How many holes are there in a standard golf course?",
            "option1": "9",
            "option2": "12",
            "option3": "15",
            "option4": "18",
            "answer": "18",
            "topic": "Sports"
        },
        {
            "question": "What sport is played at Wimbledon?",
            "option1": "Cricket",
            "option2": "Tennis",
            "option3": "Rugby",
            "option4": "Soccer",
            "answer": "Tennis",
            "topic": "Sports"
        },
        {
            "question": "What is the highest score in a single frame of bowling?",
            "option1": "100",
            "option2": "200",
            "option3": "300",
            "option4": "400",
            "answer": "300",
            "topic": "Sports"
        },
        {
            "question": "What sport is known as 'the beautiful game'?",
            "option1": "Basketball",
            "option2": "Soccer",
            "option3": "Tennis",
            "option4": "Cricket",
            "answer": "Soccer",
            "topic": "Sports"
        },
        {
            "question": "In which sport would you find a pommel horse?",
            "option1": "Gymnastics",
            "option2": "Equestrian",
            "option3": "Wrestling",
            "option4": "Fencing",
            "answer": "Gymnastics",
            "topic": "Sports"
        },
        {
            "question": "What is the term for a score of one under par in golf?",
            "option1": "Birdie",
            "option2": "Eagle",
            "option3": "Bogey",
            "option4": "Albatross",
            "answer": "Birdie",
            "topic": "Sports"
        },
        {
            "question": "What sport is played on a diamond?",
            "option1": "Soccer",
            "option2": "Basketball",
            "option3": "Baseball",
            "option4": "Tennis",
            "answer": "Baseball",
            "topic": "Sports"
        },
        {
            "question": "How many players are on a basketball team on the court?",
            "option1": "4",
            "option2": "5",
            "option3": "6",
            "option4": "7",
            "answer": "5",
            "topic": "Sports"
        },
        {
            "question": "What is the term for a zero score in tennis?",
            "option1": "Love",
            "option2": "Zero",
            "option3": "Nil",
            "option4": "Blank",
            "answer": "Love",
            "topic": "Sports"
        },
        {
            "question": "What sport involves tiebreakers and deuce?",
            "option1": "Soccer",
            "option2": "Basketball",
            "option3": "Tennis",
            "option4": "Cricket",
            "answer": "Tennis",
            "topic": "Sports"
        },
        {
            "question": "What is the national sport of Canada?",
            "option1": "Basketball",
            "option2": "Ice Hockey",
            "option3": "Soccer",
            "option4": "Baseball",
            "answer": "Ice Hockey",
            "topic": "Sports"
        },
        {
            "question": "In which sport would you use a bow and arrow?",
            "option1": "Shooting",
            "option2": "Archery",
            "option3": "Fencing",
            "option4": "Javelin",
            "answer": "Archery",
            "topic": "Sports"
        },
        {
            "question": "What is the term for a score of one over par in golf?",
            "option1": "Birdie",
            "option2": "Eagle",
            "option3": "Bogey",
            "option4": "Albatross",
            "answer": "Bogey",
            "topic": "Sports"
        },
        {
            "question": "What sport is played with a bat and ball and involves running between wickets?",
            "option1": "Baseball",
            "option2": "Cricket",
            "option3": "Tennis",
            "option4": "Soccer",
            "answer": "Cricket",
            "topic": "Sports"
        },
        {
            "question": "What is the term for a score of two under par in golf?",
            "option1": "Birdie",
            "option2": "Eagle",
            "option3": "Bogey",
            "option4": "Albatross",
            "answer": "Eagle",
            "topic": "Sports"
        },
            {
                "question": "Who wrote 'Romeo and Juliet'?",
                "option1": "Charles Dickens",
                "option2": "William Shakespeare",
                "option3": "Mark Twain",
                "option4": "Jane Austen",
                "answer": "William Shakespeare",
                "topic": "Literature"
            },
            {
                "question": "What is the name of the wizarding school in 'Harry Potter'?",
                "option1": "Beauxbatons",
                "option2": "Durmstrang",
                "option3": "Hogwarts",
                "option4": "Ilvermorny",
                "answer": "Hogwarts",
                "topic": "Literature"
            },
            {
                "question": "Who wrote 'Pride and Prejudice'?",
                "option1": "Emily Brontë",
                "option2": "Charlotte Brontë",
                "option3": "Jane Austen",
                "option4": "Mary Shelley",
                "answer": "Jane Austen",
                "topic": "Literature"
            },
            {
                "question": "What is the name of the hobbit played by Elijah Wood in 'The Lord of the Rings'?",
                "option1": "Bilbo Baggins",
                "option2": "Frodo Baggins",
                "option3": "Samwise Gamgee",
                "option4": "Peregrin Took",
                "answer": "Frodo Baggins",
                "topic": "Literature"
            },
            {
                "question": "Who wrote 'The Great Gatsby'?",
                "option1": "Ernest Hemingway",
                "option2": "F. Scott Fitzgerald",
                "option3": "John Steinbeck",
                "option4": "Mark Twain",
                "answer": "F. Scott Fitzgerald",
                "topic": "Literature"
            },
            {
                "question": "What is the name of Sherlock Holmes' assistant?",
                "option1": "Dr. Watson",
                "option2": "Inspector Lestrade",
                "option3": "Mrs. Hudson",
                "option4": "Mycroft Holmes",
                "answer": "Dr. Watson",
                "topic": "Literature"
            },
            {
                "question": "Who wrote 'Moby-Dick'?",
                "option1": "Herman Melville",
                "option2": "Nathaniel Hawthorne",
                "option3": "Edgar Allan Poe",
                "option4": "Henry James",
                "answer": "Herman Melville",
                "topic": "Literature"
            },
            {
                "question": "What is the name of the lion in 'The Chronicles of Narnia'?",
                "option1": "Aslan",
                "option2": "Simba",
                "option3": "Mufasa",
                "option4": "Scar",
                "answer": "Aslan",
                "topic": "Literature"
            },
            {
                "question": "Who wrote 'To Kill a Mockingbird'?",
                "option1": "Harper Lee",
                "option2": "J.D. Salinger",
                "option3": "Truman Capote",
                "option4": "William Faulkner",
                "answer": "Harper Lee",
                "topic": "Literature"
            },
            {
                "question": "What is the name of the main character in '1984'?",
                "option1": "Winston Smith",
                "option2": "Guy Montag",
                "option3": "Holden Caulfield",
                "option4": "Jay Gatsby",
                "answer": "Winston Smith",
                "topic": "Literature"
            },
            {
                "question": "Who wrote 'The Catcher in the Rye'?",
                "option1": "J.D. Salinger",
                "option2": "F. Scott Fitzgerald",
                "option3": "Ernest Hemingway",
                "option4": "John Steinbeck",
                "answer": "J.D. Salinger",
                "topic": "Literature"
            },
            {
                "question": "What is the name of the whale in 'Moby-Dick'?",
                "option1": "Jaws",
                "option2": "Nemo",
                "option3": "Moby-Dick",
                "option4": "Free Willy",
                "answer": "Moby-Dick",
                "topic": "Literature"
            },
            {
                "question": "Who wrote 'The Odyssey'?",
                "option1": "Homer",
                "option2": "Virgil",
                "option3": "Sophocles",
                "option4": "Euripides",
                "answer": "Homer",
                "topic": "Literature"
            },
            {
                "question": "What is the name of the boy who never grows up in J.M. Barrie's novel?",
                "option1": "Harry Potter",
                "option2": "Peter Pan",
                "option3": "Tom Sawyer",
                "option4": "Huckleberry Finn",
                "answer": "Peter Pan",
                "topic": "Literature"
            },
            {
                "question": "Who wrote 'The Hobbit'?",
                "option1": "C.S. Lewis",
                "option2": "J.K. Rowling",
                "option3": "J.R.R. Tolkien",
                "option4": "George R.R. Martin",
                "answer": "J.R.R. Tolkien",
                "topic": "Literature"
            },
            {
                "question": "What is the name of the pig in 'Charlotte's Web'?",
                "option1": "Babe",
                "option2": "Wilbur",
                "option3": "Napoleon",
                "option4": "Snowball",
                "answer": "Wilbur",
                "topic": "Literature"
            },
            {
                "question": "Who wrote 'The Adventures of Tom Sawyer'?",
                "option1": "Mark Twain",
                "option2": "Charles Dickens",
                "option3": "Herman Melville",
                "option4": "Nathaniel Hawthorne",
                "answer": "Mark Twain",
                "topic": "Literature"
            },
            {
                "question": "What is the name of the monster in Mary Shelley's novel?",
                "option1": "Dracula",
                "option2": "Frankenstein",
                "option3": "Jekyll",
                "option4": "Hyde",
                "answer": "Frankenstein",
                "topic": "Literature"
            },
            {
                "question": "Who wrote 'The Picture of Dorian Gray'?",
                "option1": "Oscar Wilde",
                "option2": "George Orwell",
                "option3": "Aldous Huxley",
                "option4": "H.G. Wells",
                "answer": "Oscar Wilde",
                "topic": "Literature"
            },
            {
                "question": "What is the name of the main character in 'The Great Gatsby'?",
                "option1": "Nick Carraway",
                "option2": "Tom Buchanan",
                "option3": "Jay Gatsby",
                "option4": "Daisy Buchanan",
                "answer": "Jay Gatsby",
                "topic": "Literature"
            }
        
]